csa.hood.name,mapla.region.slug,date,cases,population,rate.cases,new.cases,new.cases.7dayavg,rate.new.cases.7dayavg,deaths,rate.deaths
Long Beach,harbor,2020-08-04,8546,467354,1828.5924588213647,184,93,19.899262657428842,170,36.374996255515086
East Los Angeles,eastside,2020-08-04,4731,125269,3776.6726005635874,41,64.14285714285714,51.20409450291544,69,55.081464687991435
Florence-Firestone,south-la,2020-08-04,4367,112150,3893.8921087828803,33,62,55.28310298707088,52,46.3664734730272
Pomona,pomona-valley,2020-08-04,3844,157869,2434.9302269603277,68,70.57142857142857,44.702524606748995,56,35.47244867580082
South Gate,southeast,2020-08-04,3418,98155,3482.2474657429575,15,41,41.770668840099844,48,48.90224644694616
Boyle Heights,eastside,2020-08-04,3354,86884,3860.3195064683946,39,49.857142857142854,57.3835721849165,46,52.94415542562497
El Monte,san-gabriel-valley,2020-08-04,3231,117414,2751.8013184117735,38,44.42857142857143,37.83924525914408,87,74.09678573253616
Downey,southeast,2020-08-04,3071,114263,2687.6591722604867,14,27.857142857142858,24.379845494291992,67,58.636654034989455
Compton,southeast,2020-08-04,2954,99904,2956.8385650224213,25,41.285714285714285,41.32538665690491,38,38.03651505445227
Palmdale,antelope-valley,2020-08-04,2714,159810,1698.2666916963894,52,54.42857142857143,34.05830137574083,31,19.39803516676053
Lynwood,southeast,2020-08-04,2489,72047,3454.6893000402515,21,26.571428571428573,36.88068701185139,77,106.8746790289672
North Hollywood,san-fernando-valley,2020-08-04,2488,151421,1643.101022975677,30,45.42857142857143,30.00150007500375,42,27.737235918399694
Pacoima,san-fernando-valley,2020-08-04,2440,76979,3169.695631276062,29,46.285714285714285,60.1277157220986,31,40.27072318424506
Glendale,verdugos,2020-08-04,2437,206493,1180.1852847312016,25,30.571428571428573,14.80506776085803,132,63.9246850982842
Norwalk,southeast,2020-08-04,2416,107622,2244.8941666202077,19,24.857142857142858,23.096711506144523,45,41.81301220939957
Sylmar,san-fernando-valley,2020-08-04,2365,82398,2870.2152964877787,29,38.57142857142857,46.81112232266386,58,70.39005801111678
Vernon Central,south-la,2020-08-04,2308,51998,4438.632255086734,17,32.857142857142854,63.18924354233404,30,57.69452671256587
Santa Clarita,northwest-county,2020-08-04,2253,220424,1022.121003157551,25,30.428571428571427,13.804563672091708,35,15.878488730809712
Lancaster,antelope-valley,2020-08-04,2182,161570,1350.4982360586744,39,32.142857142857146,19.894075102343965,27,16.71102308596893
West Covina,san-gabriel-valley,2020-08-04,2172,108235,2006.744583545064,10,24,22.173973298840483,30,27.71746662355061
Huntington Park,southeast,2020-08-04,2141,59484,3599.2872032815544,13,28.285714285714285,47.55180264560938,32,53.79597875058839
Inglewood,south-bay,2020-08-04,2068,113582,1820.7110281558698,29,30.142857142857142,26.538410261183234,76,66.91201070592172
Baldwin Park,san-gabriel-valley,2020-08-04,2064,76769,2688.5852362281653,25,27.285714285714285,35.54262044017023,48,62.525238051817794
Van Nuys,san-fernando-valley,2020-08-04,2031,93194,2179.3248492392213,31,32.857142857142854,35.25671487128233,58,62.2357662510462
Pasadena,verdugos,2020-08-04,2023,138101,1464.8699140484136,7,17.285714285714285,12.51671912999492,105,76.03131041773774
Panorama City,san-fernando-valley,2020-08-04,2004,75250,2663.1229235880396,23,31.285714285714285,41.57570004746084,75,99.66777408637873
Westlake,central-la,2020-08-04,1976,59355,3329.1213882570974,15,19.285714285714285,32.492147730965016,116,195.43425153735996
Wholesale District,central-la,2020-08-04,1935,36129,5355.808353400315,6,11,30.44645575576407,20,55.3571922832074
Castaic,northwest-county,2020-08-04,1862,27191,6847.854069361185,4,1.2857142857142858,4.7284553187241585,4,14.710749880475158
Paramount,southeast,2020-08-04,1778,56023,3173.6965175017403,16,22,39.2695857058708,20,35.699623368973455
Pico Rivera,southeast,2020-08-04,1775,64284,2761.18474270425,8,14.571428571428571,22.66727112723006,51,79.33544894530522
Bellflower,southeast,2020-08-04,1731,77735,2226.7961664629834,13,16.285714285714285,20.95029817419989,44,56.60255997941725
West Vernon,south-la,2020-08-04,1721,53644,3208.1873089255087,18,22.428571428571427,41.810028015381825,35,65.24494817686974
Montebello,southeast,2020-08-04,1679,64375,2608.1553398058254,15,17.285714285714285,26.85159500693481,32,49.70873786407767
Central,south-la,2020-08-04,1667,38992,4275.235945835043,9,18.428571428571427,47.2624421126678,31,79.50348789495281
Whittier,san-gabriel-valley,2020-08-04,1653,91216,1812.1820733204702,10,16,17.540782318891424,16,17.540782318891424
Reseda,san-fernando-valley,2020-08-04,1642,76617,2143.127504339768,16,23.285714285714285,30.39235977095721,61,79.61679522821306
San Pedro,harbor,2020-08-04,1578,78038,2022.0918014300726,14,9,11.532842973935775,23,29.472820933391425
South Park,south-la,2020-08-04,1570,37961,4135.8236084402415,18,20.714285714285715,54.56728145803776,21,55.31993361607966
Hawthorne,south-bay,2020-08-04,1485,91301,1626.4882093295803,9,20.142857142857142,22.06203343102172,29,31.76306940778305
Melrose,central-la,2020-08-04,1467,77696,1888.128088962109,4,14.571428571428571,18.754412803012475,50,64.35337726523888
Azusa,san-gabriel-valley,2020-08-04,1454,65963,2204.2660279247457,7,17.857142857142858,27.071453477165768,15,22.740020920819248
Pico-Union,central-la,2020-08-04,1442,41842,3446.2979781081212,3,12.857142857142858,30.727840105976906,78,186.41556330959324
Vermont Vista,south-la,2020-08-04,1425,41186,3459.9135628611666,9,18.571428571428573,45.091605330521475,17,41.27616180255427
Bell Gardens,southeast,2020-08-04,1422,43071,3301.5253883123214,12,18.714285714285715,43.44985190565744,15,34.826217176290314
Watts,south-la,2020-08-04,1402,42674,3285.3728265454374,24,20.857142857142858,48.875528090038095,17,39.836903032291325
Canoga Park,san-fernando-valley,2020-08-04,1349,65289,2066.197981283218,15,18.142857142857142,27.788535806731826,48,73.51927583513303
Carson,harbor,2020-08-04,1315,93846,1401.2318052980415,14,20,21.311510346738274,39,41.55744517613964
North Hills,san-fernando-valley,2020-08-04,1302,61575,2114.4945188794154,12,19,30.85667884693463,34,55.21721477872513
Covina,san-gabriel-valley,2020-08-04,1299,65851,1972.635191568845,11,15.571428571428571,23.64645726174025,17,25.815857010523757
South Whittier,southeast,2020-08-04,1238,59222,2090.439363749958,14,17.571428571428573,29.670441004067026,18,30.394110296849142
Harvard Park,south-la,2020-08-04,1232,37935,3247.6604718597605,15,22.285714285714285,58.747105010450205,16,42.17740872545143
Wilmington,harbor,2020-08-04,1222,56487,2163.329615663781,13,17.428571428571427,30.854128257070524,9,15.932869509798715
Bell,southeast,2020-08-04,1177,36332,3239.5684245293405,23,18.285714285714285,50.32950095154213,30,82.57183749862381
Century Palms/Cove,south-la,2020-08-04,1170,33766,3465.0239886276136,18,16.285714285714285,48.23110313840634,13,38.50026654030682
Athens-Westmont,south-la,2020-08-04,1138,42442,2681.3062532397153,14,16.857142857142858,39.718069028657595,17,40.054662833985205
Willowbrook,south-la,2020-08-04,1107,34913,3170.7386933234034,8,13.428571428571429,38.46295485512969,17,48.69246412511099
La Puente,san-gabriel-valley,2020-08-04,1099,40697,2700.444750227289,11,15.142857142857142,37.20877986794393,8,19.657468609479814
Sun Valley,san-fernando-valley,2020-08-04,1075,52483,2048.282300935541,22,23.714285714285715,45.18469926316276,15,28.580683268868015
Torrance,south-bay,2020-08-04,1060,149268,710.132111370153,6,12.571428571428571,8.42205199468645,57,38.18634938499879
Maywood,southeast,2020-08-04,1046,28049,3729.188206353168,10,12.428571428571429,44.310212230637205,24,85.5645477557132
Burbank,san-fernando-valley,2020-08-04,1028,107180,959.1341668221683,7,14.571428571428571,13.59528696718471,51,47.58350438514648
Northridge,san-fernando-valley,2020-08-04,1028,69797,1472.8426723211599,6,12.428571428571429,17.80674159143148,39,55.876327062767736
Arleta,san-fernando-valley,2020-08-04,1018,34370,2961.885365144021,7,18.285714285714285,53.20254374662288,16,46.552225778295025
Glendora,san-gabriel-valley,2020-08-04,975,53424,1825.0224618149145,14,13.714285714285714,25.670645616737257,34,63.6418089248278
Exposition Park,south-la,2020-08-04,970,44917,2159.538704722043,11,11,24.489614177260282,19,42.300242669813215
Alhambra,san-gabriel-valley,2020-08-04,947,86724,1091.9699275863659,10,14.142857142857142,16.307893020221787,16,18.44933351782667
Temple-Beaudry,central-la,2020-08-04,946,39482,2396.0285699812575,6,11.428571428571429,28.94628293544255,21,53.18879489387569
Lakewood,harbor,2020-08-04,923,80362,1148.5527985863966,5,8.428571428571429,10.488254932146324,7,8.710584604663895
Winnetka,san-fernando-valley,2020-08-04,919,51786,1774.61089869849,12,14.714285714285714,28.41363633855813,11,21.241262117174525
Gardena,south-bay,2020-08-04,891,61310,1453.2702658620126,11,11.857142857142858,19.339655614325324,34,55.455879954330456
Hollywood,central-la,2020-08-04,889,68254,1302.4877662847598,7,9.285714285714286,13.604644835048916,8,11.720924780965218
El Sereno,eastside,2020-08-04,882,41808,2109.6440872560274,4,13.714285714285714,32.80301787764474,27,64.5809414466131
Koreatown,central-la,2020-08-04,873,51693,1688.8166676339158,10,12.142857142857142,23.490331655847292,21,40.62445592246532
Wilshire Center,central-la,2020-08-04,863,50170,1720.151484951166,11,15.142857142857142,30.18309177368376,27,53.81702212477577
Granada Hills,san-fernando-valley,2020-08-04,858,58191,1474.4548125998865,4,9.285714285714286,15.957303166665442,56,96.23481294358234
Lincoln Heights,eastside,2020-08-04,849,32597,2604.534159585238,13,9.571428571428571,29.362912450313132,41,125.77844586925177
Cudahy,southeast,2020-08-04,842,24347,3458.3316219657454,5,10.428571428571429,42.833085918476314,12,49.28738653632891
Highland Park,northeast-la,2020-08-04,828,48391,1711.0619743340706,8,12,24.797999628030006,15,30.997499535037505
Hacienda Heights,san-gabriel-valley,2020-08-04,750,55926,1341.057826413475,4,8.285714285714286,14.815495987044105,5,8.940385509423166
Sherman Oaks,san-fernando-valley,2020-08-04,748,87254,857.2672886056799,7,11.857142857142858,13.589225545124414,15,17.19118894262727
Green Meadows,south-la,2020-08-04,720,21505,3348.058591025343,5,11.714285714285714,54.472381838110735,8,37.2006510113927
Lake Balboa,san-fernando-valley,2020-08-04,714,42206,1691.7026015258493,5,14.714285714285714,34.863018798952076,12,28.431976496232764
West Whittier/Los Nietos,southeast,2020-08-04,707,26925,2625.812441968431,3,9.714285714285714,36.079055577662814,8,29.712163416898797
Harbor Gateway,harbor,2020-08-04,694,43600,1591.743119266055,14,13.285714285714286,30.471821756225427,9,20.642201834862387
West Adams,south-la,2020-08-04,689,27630,2493.666304741223,8,9.428571428571429,34.12439894524585,31,112.19688744118712
Monterey Park,san-gabriel-valley,2020-08-04,657,62262,1055.2182711766407,6,9.428571428571429,15.143380277812195,16,25.69785744113585
Santa Monica,westside,2020-08-04,655,92446,708.5217316054778,6,7.142857142857143,7.726518338118624,37,40.02336499145447
Woodland Hills,san-fernando-valley,2020-08-04,651,68055,956.5792373815297,3,7.142857142857143,10.49571250144316,22,32.32679450444493
South El Monte,san-gabriel-valley,2020-08-04,650,22680,2865.9611992945324,10,9.428571428571429,41.57218442932729,12,52.91005291005291
La Mirada,southeast,2020-08-04,636,49599,1282.283917014456,12,5.571428571428571,11.23294536468189,22,44.35573297848747
San Fernando,san-fernando-valley,2020-08-04,633,24612,2571.9161384690397,5,9.285714285714286,37.72840194098117,14,56.88282138794084
Rosemead,san-gabriel-valley,2020-08-04,619,55350,1118.337850045167,17,11.142857142857142,20.13162988772745,15,27.100271002710027
Monrovia,san-gabriel-valley,2020-08-04,609,42681,1426.8644127363464,4,6.857142857142857,16.066031389008828,33,77.31777605960498
Hyde Park,south-la,2020-08-04,591,28541,2070.70530114572,5,6.857142857142857,24.025587250421697,12,42.04477768823797
University Park,south-la,2020-08-04,587,27456,2137.9662004662005,6,6.714285714285714,24.454711954711957,15,54.63286713286713
Vermont Knolls,south-la,2020-08-04,561,17200,3261.627906976744,10,6.285714285714286,36.54485049833887,12,69.76744186046511
Downtown,central-la,2020-08-04,560,27507,2035.8454211655217,6,4.857142857142857,17.657842938680542,12,43.62525902497546
Valinda,san-gabriel-valley,2020-08-04,555,23371,2374.737923067049,5,4.571428571428571,19.560260884979552,3,12.83642120576783
Mission Hills,san-fernando-valley,2020-08-04,549,24124,2275.74199966838,11,10,41.452495440225505,17,70.46924224838335
Beverly Hills,westside,2020-08-04,545,34520,1578.794901506373,2,2.142857142857143,6.207581526237378,9,26.071842410196986
Walnut Park,southeast,2020-08-04,536,16143,3320.324598897355,3,4.714285714285714,29.20328138689038,8,49.55708356563217
San Jose Hills,san-gabriel-valley,2020-08-04,524,20221,2591.3654121952427,3,7.857142857142857,38.85635160052844,7,34.6174768804708
Glassell Park,northeast-la,2020-08-04,517,31604,1635.8688773572965,5,8,25.313251487153526,9,28.477407923047718
Chatsworth,san-fernando-valley,2020-08-04,503,37061,1357.2218774452929,2,6,16.18952537708103,33,89.04238957394566
Tarzana,san-fernando-valley,2020-08-04,503,30876,1629.097033294468,5,4.142857142857143,13.4177262043566,36,116.5954139137194
East Hollywood,central-la,2020-08-04,502,29287,1714.0710895619218,0,6,20.486905452931335,42,143.40833817051933
Lennox,south-bay,2020-08-04,499,22542,2213.6456392511755,6,8.571428571428571,38.02425947754668,3,13.308490817141337
East Rancho Dominguez,southeast,2020-08-04,489,15308,3194.408152599948,7,7,45.72772406584792,7,45.72772406584792
Eagle Rock,northeast-la,2020-08-04,488,39589,1232.6656394453005,3,4.285714285714286,10.825517910819382,18,45.46717522544141
Rowland Heights,san-gabriel-valley,2020-08-04,488,51022,956.4501587550468,3,5.285714285714286,10.359676778084523,10,19.59938849907883
Silverlake,central-la,2020-08-04,486,44083,1102.4658031440692,7,5.571428571428571,12.638496861439947,16,36.29517047387882
Bassett,san-gabriel-valley,2020-08-04,483,14817,3259.769184045353,0,2.7142857142857144,18.31872655926108,7,47.243031652831206
Lawndale,south-bay,2020-08-04,483,33614,1436.9012911286964,8,7.285714285714286,21.67464236840092,9,26.774558219789373
Altadena,verdugos,2020-08-04,480,43620,1100.4126547455296,5,8.142857142857142,18.667714678718802,11,25.217790004585055
Duarte,san-gabriel-valley,2020-08-04,463,26444,1750.8697625170169,5,4.571428571428571,17.287205307172027,26,98.32098018454091
Baldwin Hills,south-la,2020-08-04,461,31125,1481.124497991968,7,6.428571428571429,20.654044750430295,23,73.89558232931726
Harvard Heights,central-la,2020-08-04,439,18035,2434.155808150818,5,7.142857142857143,39.60552893183889,21,116.44025505960633
Palms,westside,2020-08-04,437,43877,995.965995852041,4,4.571428571428571,10.418735491096864,28,63.8147548829683
West Hollywood,central-la,2020-08-04,435,36951,1177.234716245839,2,2.7142857142857144,7.345635339465006,5,13.531433520067116
Cerritos,southeast,2020-08-04,431,50654,850.8706123899395,1,3.4285714285714284,6.76860944559448,9,17.767599794685513
Lakeview Terrace,san-fernando-valley,2020-08-04,427,13133,3251.3515571461203,4,5.428571428571429,41.33534933809053,18,137.05931622630015
San Gabriel,san-gabriel-valley,2020-08-04,424,40954,1035.3079064316062,1,3.857142857142857,9.418232302443856,31,75.6946818381599
Commerce,southeast,2020-08-04,418,13069,3198.408447471115,4,5.571428571428571,42.63087130942361,4,30.60677940163746
Arcadia,san-gabriel-valley,2020-08-04,414,65735,629.8014756218148,4,6.428571428571429,9.77952601897228,15,22.818894044268657
Temple City,san-gabriel-valley,2020-08-04,414,36455,1135.6466876971608,6,3.5714285714285716,9.796814076062466,38,104.23810176930462
Valley Glen,san-fernando-valley,2020-08-04,414,30016,1379.264392324094,9,7,23.32089552238806,13,43.31023454157783
Mt. Washington,northeast-la,2020-08-04,409,24145,1693.9324911990059,7,8.142857142857142,33.72481732390616,11,45.558086560364465
Redondo Beach,south-bay,2020-08-04,409,68697,595.3680655632706,6,4.714285714285714,6.862433169258795,9,13.101008777675883
Valley Village,san-fernando-valley,2020-08-04,402,24720,1626.2135922330099,2,2.4285714285714284,9.82431807674526,23,93.042071197411
Encino,san-fernando-valley,2020-08-04,399,45172,883.2905339590898,3,4.428571428571429,9.80379754841811,14,30.992650314354027
Diamond Bar,san-gabriel-valley,2020-08-04,394,57515,685.0386855602886,4,4.285714285714286,7.451472286732653,5,8.69338433452143
West Hills,san-fernando-valley,2020-08-04,391,40545,964.3605870020965,4,5.571428571428571,13.74134559484171,30,73.99186089530151
West Los Angeles,westside,2020-08-04,389,37636,1033.5848655542566,3,4.857142857142857,12.905576727449402,11,29.227335529811885
Hawaiian Gardens,harbor,2020-08-04,382,14676,2602.889070591442,2,4.285714285714286,29.202196005139587,1,6.8138457345325705
Little Bangladesh,central-la,2020-08-04,381,28343,1344.247256818262,6,4.857142857142857,17.13701039813307,5,17.64104011572522
Santa Fe Springs,southeast,2020-08-04,379,18364,2063.820518405576,4,5.142857142857143,28.005103152129948,3,16.3363101720758
San Dimas,san-gabriel-valley,2020-08-04,373,34516,1080.6582454513848,6,4.142857142857143,12.002715096932272,3,8.691621277088887
Harbor City,harbor,2020-08-04,368,29070,1265.9098727210182,6,3.857142857142857,13.268465280849183,9,30.959752321981426
La Verne,pomona-valley,2020-08-04,350,35322,990.8838684106223,5,6,16.986580601324953,6,16.986580601324953
Sunland,san-fernando-valley,2020-08-04,344,20408,1685.6134849078792,5,4,19.60015680125441,24,117.60094080752646
Historic Filipinotown,central-la,2020-08-04,338,13870,2436.914203316511,4,5,36.04902667627974,11,79.30785868781543
Little Armenia,central-la,2020-08-04,330,8025,4112.14953271028,0,4.571428571428571,56.96484201157098,44,548.2866043613708
Culver City,westside,2020-08-04,326,39865,817.7599397968141,0,2.142857142857143,5.3752844421350625,28,70.23705004389817
Westchester,south-bay,2020-08-04,300,51603,581.3615487471659,5,3.7142857142857144,7.197809651155387,12,23.254461949886636
West Carson,harbor,2020-08-04,297,22086,1344.7432762836186,10,5.142857142857143,23.285597857724998,18,81.49959250203749
Tujunga,verdugos,2020-08-04,281,27810,1010.4279036317871,1,2.857142857142857,10.273796681563672,11,39.55411722402014
West Puente Valley,san-gabriel-valley,2020-08-04,280,9835,2846.9750889679713,1,2.4285714285714284,24.69315128186506,0,0
Alsace,south-la,2020-08-04,274,12445,2201.6874246685416,2,2.4285714285714284,19.514434942317624,1,8.035355564483728
Manhattan Beach,south-bay,2020-08-04,271,35999,752.7986888524681,4,2.4285714285714284,6.746219141007884,4,11.111419761660047
Del Rey,westside,2020-08-04,263,30254,869.3065379784492,2,3.4285714285714284,11.332621896514274,7,23.137436372049976
Vermont Square,south-la,2020-08-04,261,7657,3408.645683688129,3,3.4285714285714284,44.77695479393272,2,26.119890296460756
Northeast San Gabriel,san-gabriel-valley,2020-08-04,258,24036,1073.3899151273092,4,4,16.641704110500914,6,24.962556165751376
Westwood,westside,2020-08-04,258,54109,476.8153172300357,1,4.285714285714286,7.920520219768034,5,9.240606923062707
Claremont,pomona-valley,2020-08-04,257,37186,691.120314096703,0,2.5714285714285716,6.915044832540665,5,13.445920507717958
Mar Vista,westside,2020-08-04,248,42471,583.9278566551294,4,2.857142857142857,6.727279454552183,5,11.772739045466318
Figueroa Park Square,south-la,2020-08-04,245,8721,2809.3108588464625,2,4.857142857142857,55.69479253689779,0,0
Porter Ranch,san-fernando-valley,2020-08-04,244,35588,685.624367764415,2,3,8.429807800382152,6,16.859615600764304
Artesia,southeast,2020-08-04,237,16795,1411.13426615064,2,2.142857142857143,12.758899332284267,2,11.908306043465316
Crenshaw District,south-la,2020-08-04,237,13829,1713.7898618844456,3,3.2857142857142856,23.75959422745163,2,14.462361703666208
Mid-city,central-la,2020-08-04,237,15030,1576.8463073852295,0,2,13.30671989354624,20,133.06719893546241
Leimert Park,south-la,2020-08-04,236,15235,1549.0646537577945,3,2.7142857142857144,17.81611889915139,4,26.25533311453889
Cloverdale/Cochran,central-la,2020-08-04,233,14553,1601.0444581873153,0,2,13.74287088572803,5,34.35717721432007
Covina (Charter Oak),san-gabriel-valley,2020-08-04,232,13144,1765.0639074863057,2,1,7.608034083992696,0,0
Country Club Park,central-la,2020-08-04,229,15153,1511.2518973140632,2,2.4285714285714284,16.027000782494742,22,145.18577179436417
Hollywood Hills,central-la,2020-08-04,229,29434,778.0118230617653,3,2.2857142857142856,7.7655578097244184,6,20.384589250526602
Rancho Palos Verdes,south-bay,2020-08-04,229,42747,535.7101083116944,0,1.8571428571428572,4.34449869497943,12,28.07214541371324
South Pasadena,san-gabriel-valley,2020-08-04,223,26053,855.9474916516333,1,2,7.676659117951867,25,95.95823897439834
Brentwood,westside,2020-08-04,215,30955,694.5566144403166,1,2,6.460991762235503,3,9.691487643353256
Venice,westside,2020-08-04,210,33885,619.7432492253209,0,2.5714285714285716,7.588692847656992,2,5.902316659288771
Walnut,san-gabriel-valley,2020-08-04,210,30532,687.8029608279838,2,2.5714285714285716,8.422077071363066,1,3.2752521944189708
Calabasas,santa-monica-mountains,2020-08-04,206,24323,846.9349997944332,2,1.7142857142857142,7.048002772214423,11,45.224684455042556
Jefferson Park,south-la,2020-08-04,202,8073,2502.1677195590237,2,2.2857142857142856,28.313071791332657,0,0
Avocado Heights,san-gabriel-valley,2020-08-04,201,6775,2966.789667896679,2,2.857142857142857,42.17185028993147,1,14.760147601476016
Studio City,san-fernando-valley,2020-08-04,193,22440,860.0713012477718,2,1.5714285714285714,7.002801120448178,9,40.106951871657756
Elysian Valley,central-la,2020-08-04,190,10171,1868.0562383246483,1,3,29.495624815652345,1,9.831874938550783
Signal Hill,harbor,2020-08-04,190,11797,1610.5789607527336,0,2.7142857142857144,23.008270867896197,0,0
Gramercy Place,south-la,2020-08-04,185,10764,1718.6919360832403,1,2.857142857142857,26.54350480437437,4,37.16090672612412
Adams-Normandie,south-la,2020-08-04,176,8202,2145.8180931480124,4,2.857142857142857,34.83470930435085,3,36.5764447695684
Carthay,central-la,2020-08-04,174,14363,1211.4460767249182,3,0.8571428571428571,5.967714663669548,11,76.58567151709252
Hancock Park,central-la,2020-08-04,174,17039,1021.1866893597041,0,1,5.868889019308646,3,17.606667057925932
Lomita,south-bay,2020-08-04,174,20729,839.403733899368,0,1.5714285714285714,7.580821898926969,7,33.76911573158377
Athens Village,south-la,2020-08-04,168,4897,3430.671839901981,2,2.857142857142857,58.344759182006484,6,122.52399428221361
Atwater Village,northeast-la,2020-08-04,168,14666,1145.5066139369972,1,2.142857142857143,14.61105374919639,4,27.273966998499933
Echo Park,central-la,2020-08-04,168,14256,1178.4511784511785,1,3,21.04377104377104,3,21.04377104377104
Victoria Park,central-la,2020-08-04,155,8399,1845.4577925943565,4,2.857142857142857,34.01765516302961,2,23.81235861412073
Hermosa Beach,south-bay,2020-08-04,152,19670,772.7503812913066,1,1.1428571428571428,5.810153242791778,2,10.167768174885612
Los Feliz,central-la,2020-08-04,150,21608,694.1873380229545,0,2.142857142857143,9.916961971756491,2,9.255831173639393
Crestview,westside,2020-08-04,148,11368,1301.9000703729769,1,0.42857142857142855,3.769980898763446,18,158.33919774806475
Lake Los Angeles,antelope-valley,2020-08-04,143,12994,1100.5079267354165,4,2.4285714285714284,18.689944809692385,2,15.391719255040789
North Whittier,san-gabriel-valley,2020-08-04,143,8360,1710.5263157894738,0,0.5714285714285714,6.835269993164729,5,59.80861244019138
South San Gabriel,san-gabriel-valley,2020-08-04,133,8848,1503.1645569620252,0,0.8571428571428571,9.68741927150607,5,56.50994575045208
Manchester Square,south-la,2020-08-04,132,8536,1546.3917525773197,6,3.2857142857142856,38.49243539965189,1,11.715089034676664
La Canada Flintridge,verdugos,2020-08-04,129,20693,623.3992171265645,1,1.5714285714285714,7.594010396890598,6,28.995312424491374
Miracle Mile,central-la,2020-08-04,128,17985,711.70419794273,0,1.5714285714285714,8.73743993010048,5,27.800945232137895
Quartz Hill,antelope-valley,2020-08-04,122,12906,945.2967611963428,0,1,7.748334108166745,10,77.48334108166745
Stevenson Ranch,northwest-county,2020-08-04,121,20966,577.1248688352571,1,1.8571428571428572,8.857878742453769,2,9.539254030334828
Agoura Hills,santa-monica-mountains,2020-08-04,120,20883,574.6300818847866,1,2.7142857142857144,12.997585185489223,2,9.57716803141311
La Crescenta-Montrose,verdugos,2020-08-04,120,19801,606.0299984849249,0,1.7142857142857142,8.6575714069275,1,5.050249987374375
Beverlywood,westside,2020-08-04,118,13173,895.771654141046,1,1.5714285714285714,11.929162464348071,0,0
El Camino Village,south-bay,2020-08-04,112,8791,1274.0302582186328,0,1.5714285714285714,17.875424541332855,3,34.12581048799909
Thai Town,central-la,2020-08-04,112,9809,1141.8085431746356,1,1.4285714285714286,14.563884479268312,0,0
St Elmo Village,central-la,2020-08-04,108,4584,2356.020942408377,0,1.2857142857142858,28.047868362004486,8,174.52006980802793
View Park/Windsor Hills,south-la,2020-08-04,107,11635,919.6390201976793,1,0.8571428571428571,7.366934741236417,2,17.189514396218307
Playa Vista,westside,2020-08-04,104,10947,950.0319722298347,1,1.2857142857142858,11.744900755588617,0,0
Sun Village,antelope-valley,2020-08-04,100,6036,1656.726308813784,1,1,16.56726308813784,1,16.56726308813784
Wiseburn,south-bay,2020-08-04,100,6027,1659.2002654720425,2,0.8571428571428571,14.221716561188934,0,0
Pacific Palisades,westside,2020-08-04,99,21291,464.9852050162041,0,0.2857142857142857,1.3419486436254082,3,14.09046075806679
El Segundo,south-bay,2020-08-04,97,16786,577.862504468009,-1,0,0,0,0
Century City,westside,2020-08-04,94,12792,734.8342714196373,0,0.5714285714285714,4.4670776378093455,0,0
Longwood,central-la,2020-08-04,94,4304,2184.014869888476,0,1.8571428571428572,43.14922995220393,0,0
Cadillac-Corning,central-la,2020-08-04,93,7121,1305.9963488274118,0,0.14285714285714285,2.006138784681124,1,14.04297149276787
Santa Monica Mountains,santa-monica-mountains,2020-08-04,90,18621,483.3252779120348,1,1.8571428571428572,9.973378750565798,1,5.370280865689276
Wellington Square,central-la,2020-08-04,89,4915,1810.7833163784333,-2,0.42857142857142855,8.719662839703531,0,0
Beverly Crest,westside,2020-08-04,87,12525,694.6107784431138,0,1.2857142857142858,10.26518391787853,2,15.96806387225549
South Carthay,central-la,2020-08-04,86,10595,811.7036337895233,2,1.1428571428571428,10.786759253016921,1,9.438414346389807
Chinatown,central-la,2020-08-04,85,8021,1059.7182396209948,0,1.2857142857142858,16.029351523678915,2,24.934546814611643
Park La Brea,central-la,2020-08-04,85,13580,625.920471281296,0,1.8571428571428572,13.675573322112351,1,7.363770250368188
Canyon Country,northwest-county,2020-08-04,84,7728,1086.9565217391305,2,1.2857142857142858,16.63708961845608,0,0
Reseda Ranch,san-fernando-valley,2020-08-04,84,4636,1811.90681622088,4,2,43.14063848144953,0,0
Toluca Lake,san-fernando-valley,2020-08-04,83,8704,953.5845588235295,3,1.1428571428571428,13.130252100840336,0,0
Malibu,santa-monica-mountains,2020-08-04,80,12961,617.2363243576884,3,1,7.715454054471105,2,15.43090810894221
Elysian Park,central-la,2020-08-04,78,5712,1365.546218487395,1,1.7142857142857142,30.012004801920767,0,0
East La Mirada,san-gabriel-valley,2020-08-04,76,5292,1436.1300075585789,0,0.42857142857142855,8.098477486232587,0,0
Palos Verdes Estates,south-bay,2020-08-04,75,13522,554.6516787457476,0,0.7142857142857143,5.282396940435692,2,14.790711433219938
La Rambla,harbor,2020-08-04,72,2075,3469.879518072289,1,0.2857142857142857,13.769363166953527,10,481.9277108433735
Rosewood/West Rancho Dominguez,southeast,2020-08-04,68,3361,2023.2073787563227,0,0.8571428571428571,25.50261401793684,0,0
Ladera Heights,westside,2020-08-04,64,7071,905.1053599208032,1,1,14.14227124876255,3,42.42681374628765
Lafayette Square,central-la,2020-08-04,64,4559,1403.8166264531696,1,1.1428571428571428,25.068154043806597,2,43.86926957666155
Exposition,south-la,2020-08-04,61,3326,1834.0348767288035,2,1.1428571428571428,34.36130916587922,1,30.066145520144318
Marina del Rey,westside,2020-08-04,61,9411,648.1776644352353,1,1.4285714285714286,15.17980478771043,1,10.625863351397301
Rancho Park,westside,2020-08-04,61,6560,929.8780487804878,0,0.42857142857142855,6.533101045296167,1,15.24390243902439
Bel Air,westside,2020-08-04,60,8429,711.8282121248072,1,0.42857142857142855,5.084487229462908,0,0
Rancho Dominguez,harbor,2020-08-04,60,2661,2254.7914317925593,0,0.5714285714285714,21.474204112310087,1,37.579857196542655
Sierra Madre,san-gabriel-valley,2020-08-04,57,10989,518.7005187005187,0,1.1428571428571428,10.4000104000104,3,27.300027300027303
Littlerock,antelope-valley,2020-08-04,56,4021,1392.6883859736383,4,1.1428571428571428,28.42221195864568,0,0
Littlerock/Pearblossom,antelope-valley,2020-08-04,56,3569,1569.0669655365648,0,0.42857142857142855,12.008165552575752,0,0
San Marino,san-gabriel-valley,2020-08-04,56,13277,421.78202907283276,0,0.7142857142857143,5.37987281980654,1,7.5318219477291555
Irwindale,san-gabriel-valley,2020-08-04,54,1459,3701.1651816312547,0,0.8571428571428571,58.748653676686565,0,0
Little Tokyo,central-la,2020-08-04,54,3133,1723.5876157037983,2,0.42857142857142855,13.679266791299986,2,63.83657835939994
East Pasadena,verdugos,2020-08-04,53,6403,827.7369982820552,2,1.5714285714285714,24.542067334508378,1,15.617679212868968
East Whittier,san-gabriel-valley,2020-08-04,53,5306,998.869204673954,0,0.14285714285714285,2.6923698239190132,0,0
Angelino Heights,central-la,2020-08-04,51,2502,2038.369304556355,0,1,39.96802557953637,1,39.96802557953637
Del Aire,south-bay,2020-08-04,50,4393,1138.1743683132256,1,0.14285714285714285,3.2519267666092158,1,22.763487366264513
Cheviot Hills,westside,2020-08-04,48,9171,523.3889434085705,0,0.2857142857142857,3.115410377431967,2,21.80787264202377
Acton,antelope-valley,2020-08-04,45,7971,564.5464809936018,0,0.7142857142857143,8.961055253866695,2,25.09095471082675
University Hills,eastside,2020-08-04,45,3429,1312.3359580052493,0,0.42857142857142855,12.498437695288088,1,29.163021289005545
Val Verde,northwest-county,2020-08-04,45,3309,1359.9274705349048,1,0.42857142857142855,12.95169019557052,1,30.22061045633122
Shadow Hills,san-fernando-valley,2020-08-04,39,4442,877.9828905898244,0,0.8571428571428571,19.296327265710428,0,0
Sunrise Village,san-gabriel-valley,2020-08-04,38,1296,2932.0987654320984,0,1.4285714285714286,110.22927689594356,0,0
West LA,westside,2020-08-04,36,952,3781.5126050420167,0,0.14285714285714285,15.006002400960384,2,210.08403361344537
Valencia,northwest-county,2020-08-04,35,3072,1139.3229166666665,0,0.42857142857142855,13.950892857142856,1,32.55208333333333
White Fence Farms,antelope-valley,2020-08-04,35,3683,950.3122454520771,-1,0,0,0,0
View Heights,south-la,2020-08-04,34,3694,920.41147807255,0,1.1428571428571428,30.938200943615126,2,54.141851651326476
Rolling Hills Estates,south-bay,2020-08-04,31,8113,382.1027979785529,0,0,0,2,24.65179341797116
La Habra Heights,san-gabriel-valley,2020-08-04,30,5455,549.9541704857928,1,0.7142857142857143,13.094146916328402,0,0
Reynier Village,central-la,2020-08-04,28,4228,662.2516556291391,0,0.14285714285714285,3.378834977699689,0,0
Marina Peninsula,westside,2020-08-04,27,4360,619.2660550458716,0,0.14285714285714285,3.27653997378768,0,0
Desert View Highlands,antelope-valley,2020-08-04,26,2493,1042.9201764941836,1,0.5714285714285714,22.92132256031173,1,40.11231448054553
Faircrest Heights,central-la,2020-08-04,26,3600,722.2222222222222,0,0,0,2,55.55555555555556
Industry,san-gabriel-valley,2020-08-04,26,437,5949.656750572082,1,0.5714285714285714,130.76168682576005,2,457.66590389016017
Kagel/Lopez Canyons,angeles-forest,2020-08-04,25,1412,1770.5382436260622,1,1.1428571428571428,80.93889113719142,1,70.8215297450425
Westlake Village,santa-monica-mountains,2020-08-04,22,8360,263.1578947368421,0,0,0,0,0
Regent Square,central-la,2020-08-04,21,2780,755.3956834532374,0,0,0,0,0
Agua Dulce,northwest-county,2020-08-04,20,4158,481.00048100048105,0,0.2857142857142857,6.871435442864015,0,0
Playa Del Rey,south-bay,2020-08-04,20,3196,625.7822277847309,0,0.42857142857142855,13.409619166815661,0,0
Pellissier Village,san-gabriel-valley,2020-08-04,19,619,3069.466882067851,0,0.14285714285714285,23.078698361412414,0,0
Mandeville Canyon,westside,2020-08-04,18,3124,576.1843790012804,0,0.5714285714285714,18.291567587342236,0,0
North Lancaster,antelope-valley,2020-08-04,18,1198,1502.5041736227047,1,0.2857142857142857,23.849272597185784,0,0
Palisades Highlands,westside,2020-08-04,18,3846,468.01872074883,0,0,0,0,0
West Rancho Dominguez,southeast,2020-08-04,18,1359,1324.5033112582782,0,0,0,3,220.7505518763797
Bradbury,san-gabriel-valley,2020-08-04,17,1177,1444.3500424808835,0,0.14285714285714285,12.137395314965406,1,84.96176720475786
Pearblossom/Llano,antelope-valley,2020-08-04,17,1956,869.1206543967281,0,0.42857142857142855,21.91060473269062,1,51.12474437627812
Toluca Terrace,san-fernando-valley,2020-08-04,17,1306,1301.6845329249618,0,0.14285714285714285,10.938525486764384,1,76.5696784073507
Rosewood,southeast,2020-08-04,16,1286,1244.167962674961,0,0,0,0,0
Leona Valley,antelope-valley,2020-08-04,15,1751,856.6533409480296,0,0,0,0,0
Saugus,northwest-county,2020-08-04,15,155,9677.41935483871,1,0.2857142857142857,184.33179723502303,0,0
Harbor Pines,harbor,2020-08-04,14,2409,581.1540058115401,0,0.2857142857142857,11.860285832888572,0,0
Lake Manor,san-fernando-valley,2020-08-04,14,1643,852.099817407182,0,0,0,0,0
Rosewood/East Gardena,southeast,2020-08-04,14,1193,1173.512154233026,0,0,0,0,0
Toluca Woods,san-fernando-valley,2020-08-04,14,1858,753.4983853606028,0,0.42857142857142855,23.066277102875596,0,0
Southeast Antelope Valley,antelope-valley,2020-08-04,11,781,1408.4507042253522,0,0,0,0,0
Twin Lakes/Oat Mountain,northwest-county,2020-08-04,10,1658,603.1363088057901,0,0.14285714285714285,8.616232982939858,1,60.313630880579005
San Pasqual,san-gabriel-valley,2020-08-04,9,2035,442.2604422604423,0,0.2857142857142857,14.040014040014041,0,0
Anaverde,antelope-valley,2020-08-04,8,1508,530.5039787798408,0,0.42857142857142855,28.4198560060629,0,0
Vernon,southeast,2020-08-04,8,209,3827.7511961722485,-1,0,0,0,0
Westhills,san-fernando-valley,2020-08-04,8,839,953.5160905840286,0,0,0,0,0
Del Sur,antelope-valley,2020-08-04,7,2415,289.8550724637681,0,0,0,1,41.40786749482402
Littlerock/Juniper Hills,antelope-valley,2020-08-04,7,1297,539.7070161912105,0,0.42857142857142855,33.043286705584315,0,0
Santa Catalina Island,harbor,2020-08-04,7,267,2621.7228464419477,0,0.14285714285714285,53.50454788657036,0,0
Angeles National Forest,angeles-forest,2020-08-04,6,1245,481.9277108433735,0,0.14285714285714285,11.474469305794607,0,0
Hidden Hills,santa-monica-mountains,2020-08-04,6,1890,317.46031746031747,1,0.14285714285714285,7.558578987150415,0,0
Newhall,northwest-county,2020-08-04,6,0,Inf,0,0.2857142857142857,Inf,0,NaN
Avalon,harbor,2020-08-04,5,3723,134.30029546065003,0,0,0,0,0
Elizabeth Lake,antelope-valley,2020-08-04,5,1661,301.02347983142687,0,0,0,0,0
Hi Vista,antelope-valley,2020-08-04,5,1098,455.3734061930784,0,0.5714285714285714,52.042674993494664,0,0
Rolling Hills,south-bay,2020-08-04,5,1940,257.7319587628866,0,0,0,0,0
Roosevelt,antelope-valley,2020-08-04,5,931,537.0569280343716,1,0.14285714285714285,15.344483658124902,0,0
Sand Canyon,angeles-forest,2020-08-04,5,0,Inf,0,0.2857142857142857,Inf,0,NaN
East Covina,san-gabriel-valley,2020-08-04,4,329,1215.80547112462,0,0,0,0,0
Sycamore Square,central-la,2020-08-04,4,647,618.2380216383308,0,0,0,0,0
Westfield/Academy Hills,south-bay,2020-08-04,4,1300,307.6923076923077,0,0,0,0,0
Llano,antelope-valley,2020-08-04,3,877,342.0752565564424,0,0.14285714285714285,16.28929793125916,0,0
Palos Verdes Peninsula,south-bay,2020-08-04,3,621,483.0917874396135,0,0.14285714285714285,23.004370830457788,0,0
West Antelope Valley,antelope-valley,2020-08-04,3,1511,198.54401058901388,0,0,0,0,0
Bouquet Canyon,northwest-county,2020-08-04,2,1073,186.3932898415657,1,0.14285714285714285,13.313806417254693,1,93.19664492078284
Brookside,central-la,2020-08-04,2,581,344.2340791738382,1,0.14285714285714285,24.588148512417014,0,0
Padua Hills,pomona-valley,2020-08-04,2,0,Inf,0,0.14285714285714285,Inf,0,NaN
Lake Hughes,northwest-county,2020-08-04,1,668,149.7005988023952,0,0,0,0,0
Saugus/Canyon Country,northwest-county,2020-08-04,1,356,280.8988764044944,0,0,0,0,0
South Antelope Valley,antelope-valley,2020-08-04,1,455,219.78021978021977,0,0,0,0,0
Bandini Islands,southeast,2020-05-08,0,0,NaN,0,0,NaN,0,NaN
Charter Oak,san-gabriel-valley,2020-08-04,0,0,NaN,0,0,NaN,0,NaN
East Lancaster,antelope-valley,2020-08-04,0,114,0,0,0,0,0,0
Franklin Canyon,westside,2020-08-04,0,0,NaN,0,0,NaN,0,NaN
Placerita Canyon,angeles-forest,2020-08-04,0,460,0,0,0,0,0,0
San Clemente Island,,2020-08-04,0,0,NaN,0,0,NaN,0,NaN
San Francisquito Canyon/Bouquet Canyon,northwest-county,2020-08-04,0,0,NaN,0,0,NaN,0,NaN
South Edwards,antelope-valley,2020-05-08,0,0,NaN,0,0,NaN,0,NaN
Universal City,san-fernando-valley,2020-05-08,0,0,NaN,0,0,NaN,0,NaN
West Chatsworth,san-fernando-valley,2020-08-04,0,0,NaN,0,0,NaN,0,NaN
Whittier Narrows,san-gabriel-valley,2020-08-04,0,0,NaN,0,0,NaN,0,NaN
